month,elec
1,338.8864450749467
2,322.39086996370463
3,310.3168108978664
4,299.8581050093962
5,296.4382377188577
6,286.94866716611824
7,290.400112196878
8,310.2943123720609
9,322.4280098673854
10,292.96232164686484
11,289.4961386335382
12,305.0867214832226
