family,elec
1,141204909.9726278
2,356538511.1434198
3,352059423.963938
4,370651254.2533625
5,97336351.81202537
6,17913613.164667003
7,17730752.05515361
8,21202841.33714576
9,19478391.752427984
