month,elec
1,131318497.46654186
2,113642781.66220589
3,120247764.22292323
4,112446789.37852357
5,114869817.11605737
6,107605750.18729435
7,112530043.47629023
8,120239046.0441736
9,120910503.70026954
10,113522899.63816012
11,108561051.98757683
12,118221104.57474875
