family,elec
1,206.21381522107015
2,289.2690042135571
3,321.3393793026086
4,338.3089213703564
5,355.37185765617147
6,392.4121175173495
7,388.4063977032554
8,464.4653085902686
9,426.6898521890029
