,평균기온(°C),최저기온(°C),최고기온(°C),평균 이슬점온도(°C),평균 현지기압(hPa),평균 해면기압(hPa),합계 일사량(MJ/m2),평균 지면온도(°C),elec
count,1826,1826,1826,1826,1826,1826,1826,1826,1826
mean,13.72694414,8.985158817,19.1645126,7.594578313,1008.643319,1016.893319,15.58023001,16.01741512,763480.8595
std,10.21301599,10.52154236,10.2190802,11.13013326,7.927356604,8.263666588,7.872327059,11.54930078,38402.56522
min,-12.7,-17,-8.7,-20.8,985.7,993.5,0.37,-6,715254.2866
25%,4.7,-0.3,10.3,-1.8,1002.3,1010.2,9.22,4.8,730286.5628
50%,14.9,9.8,21.1,8.2,1008.9,1017.1,15.025,16.5,751607.903
75%,22.475,18.275,27.8,17.3,1015,1023.5,21.92,25.9,777676.8191
max,33.4,28,39.4,27.3,1029.1,1038.2,33,42.7,849672.5133
